#obj1,#con1,#con2,#var1,#var2,#Gen,#Eval
-0.78705317,0.01,0.22725214,0.484756199035849,0.0929298375289032,43,8540
