#obj1,#con1,#con2,#var1,#var2,#Gen,#Eval
-0.6667307,0,0.11012584,0.343497772259428,0.0600103752142291,32,6255
