#obj1,#con1,#con2,#var1,#var2,#Gen,#Eval
-0.97955793,0.01333333,0.28894668,0.475993843880584,0.0915958416597657,14,26392
