#obj1,#con1,#con2,#var1,#var2,#Gen,#Eval
-0.95052457,0.01,0.28332787,0.483169891479496,0.0923495583028854,14,27059
