#obj1,#con1,#con2,#var1,#var2,#Gen,#Eval
-0.77592564,0.00666667,0.25500249,0.343827392191695,0.0616943137523395,158,7874
