#obj1,#con1,#con2,#var1,#var2,#Gen,#Eval
-0.8013503,0.01,0.23855856,0.475482710190054,0.0911246179797259,41,20187
