#obj1,#con1,#con2,#var1,#var2,#Gen,#Eval
-0.67870408,0,0.23401778,0.513900939343282,0.0931904140458254,8,3761
