#obj1,#con1,#con2,#var1,#var2,#Gen,#Eval
-0.7605713,0.00333333,0.21298445,0.456055683676631,0.0815859335206915,11,20535
