#obj1,#con1,#con2,#var1,#var2,#Gen,#Eval
-0.68010044,0.00333333,0.11168586,0.33807128971162,0.057932406838514,9,17397
